id,user_message,bot_response,timestamp,session_id
f731a377-e5b6-47d1-b97c-ed49afad8e24,How to check my eligibility?,"[हिंदी में उत्तर] आपकी पात्रता जांचने के लिए, आपको निम्नलिखित दस्तावेजों की आवश्यकता होगी:

1. PAN कार्ड
2. आधार कार्ड
3. आय प्रमाण पत्र (वेतन स्लिप, आयकर रिटर्न, फॉर्म 16)
4. बैंक स्टेटमेंट (पिछले 6 मह",2025-08-08T13:37:21.948399,39e2b392-1562-4a7a-a766-eaf32c8a15ff
1b34cc39-7d3e-4623-a9e8-81b2856daff8,form 16 mei kya kya hain,"[हिंदी में उत्तर] फॉर्म 16 में निम्नलिखित चीजें हो सकती हैं:

* आय प्रमाण पत्र
* वेतन स्लिप
* बैंक स्टेटमेंट
* पैन कार्ड
* आधार कार्ड
* पते का प्रमाण पत्र
* कर देयता प्रमाण पत्र (यदि लागू हो)

यह ध्यान",2025-08-08T13:37:47.447692,7a15ffb4-e7aa-4cf6-9257-2ec0a79b6bef
7da39117-1d8c-45ea-91be-5adb52976840,How to check my eligibility?,"[தமிழ் में उत्तर] உங்கள் தகுதியை உறுதி செய்வதற்கு, பல்வேறு காரணிகள் செலுத்தப்படுகின்றன. அவ",2025-08-08T13:38:24.581527,ac5fefa8-fb6b-4562-a0b2-dcb1e7394adc
364b697b-4445-4fd8-8755-cf757c2657cf,hi,"Hi, I am Bank agent. How can I help you?",2025-08-08T13:39:41.188091,ab1071ed-25cc-46ce-8622-95bdc20996ca
